{"cameraMode":{"drawMode":0,"name":"Shaded","section":"Shading Mode"},"sceneLighting":true,"audioPlay":false,"sceneViewState":{"m_AlwaysRefresh":false,"showFog":true,"showSkybox":true,"showFlares":true,"showImageEffects":true,"showParticleSystems":true,"showVisualEffectGraphs":true,"m_FxEnabled":true},"in2DMode":false,"pivot":{"x":-0.054447174072265628,"y":-5.02952241897583,"z":0.03654289245605469},"rotation":{"x":-0.19856736063957215,"y":0.41170740127563479,"z":-0.09241580963134766,"w":-0.8846065998077393},"size":32.85523223876953,"orthographic":false}